{"cameraMode":{"drawMode":0,"name":"Shaded","section":"Shading Mode"},"sceneLighting":true,"audioPlay":false,"sceneViewState":{"showFog":true,"showMaterialUpdate":false,"showSkybox":true,"showFlares":true,"showImageEffects":true,"showParticleSystems":true},"in2DMode":false,"pivot":{"x":-3.0007500648498537,"y":-6.010512828826904,"z":1.726297378540039},"rotation":{"x":0.21066322922706605,"y":0.7893363237380981,"z":-0.407331258058548,"w":0.40822848677635195},"size":24.184141159057618,"orthographic":false}