{"cameraMode":{"drawMode":0,"name":"Shaded","section":"Shading Mode"},"sceneLighting":true,"audioPlay":false,"sceneViewState":{"showFog":true,"showMaterialUpdate":false,"showSkybox":true,"showFlares":true,"showImageEffects":true,"showParticleSystems":true},"in2DMode":false,"pivot":{"x":-0.8778519630432129,"y":-2.0787312984466554,"z":-2.0832178592681886},"rotation":{"x":0.01246026810258627,"y":0.865356981754303,"z":-0.5005377531051636,"w":0.021542230620980264},"size":9.279021263122559,"orthographic":false}