{"cameraMode":{"drawMode":0,"name":"Shaded","section":"Shading Mode"},"sceneLighting":false,"audioPlay":false,"sceneViewState":{"showFog":true,"showMaterialUpdate":false,"showSkybox":true,"showFlares":true,"showImageEffects":true,"showParticleSystems":true},"in2DMode":false,"pivot":{"x":-31.239999771118165,"y":-3.4619998931884767,"z":-7.840000152587891},"rotation":{"x":-0.14128749072551728,"y":-0.847122311592102,"z":0.2782841622829437,"w":-0.43009254336357119},"size":5.659229278564453,"orthographic":false}