{"cameraMode":{"drawMode":0,"name":"Shaded","section":"Shading Mode"},"sceneLighting":false,"audioPlay":false,"sceneViewState":{"showFog":true,"showMaterialUpdate":false,"showSkybox":true,"showFlares":true,"showImageEffects":true,"showParticleSystems":true},"in2DMode":false,"pivot":{"x":880.6087646484375,"y":422.24566650390627,"z":3.5572667121887209},"rotation":{"x":0.018298540264368058,"y":0.9812706708908081,"z":-0.12011631578207016,"w":0.14948318898677827},"size":701.3590698242188,"orthographic":false}