{"cameraMode":{"drawMode":0,"name":"Shaded","section":"Shading Mode"},"sceneLighting":true,"audioPlay":false,"sceneViewState":{"showFog":true,"showMaterialUpdate":false,"showSkybox":true,"showFlares":true,"showImageEffects":true,"showParticleSystems":true},"in2DMode":false,"pivot":{"x":-1.8533097505569459,"y":-2.33518123626709,"z":-10.22690200805664},"rotation":{"x":0.0033616789150983097,"y":0.9527616500854492,"z":-0.3035171329975128,"w":0.010551024228334427},"size":16.34657859802246,"orthographic":false}