{"cameraMode":{"drawMode":0,"name":"Shaded","section":"Shading Mode"},"sceneLighting":true,"audioPlay":false,"sceneViewState":{"showFog":true,"showMaterialUpdate":false,"showSkybox":true,"showFlares":true,"showImageEffects":true,"showParticleSystems":true},"in2DMode":false,"pivot":{"x":-3.7093775272369386,"y":-6.751725196838379,"z":-4.078794479370117},"rotation":{"x":0.0029800799675285818,"y":0.8913669586181641,"z":-0.45323485136032107,"w":0.0058595044538378719},"size":18.629745483398439,"orthographic":false}