{"cameraMode":{"drawMode":0,"name":"Shaded","section":"Shading Mode"},"sceneLighting":true,"audioPlay":false,"sceneViewState":{"showFog":true,"showMaterialUpdate":false,"showSkybox":true,"showFlares":true,"showImageEffects":true,"showParticleSystems":true},"in2DMode":false,"pivot":{"x":0.10488438606262207,"y":-1.5899535417556763,"z":-4.908842086791992},"rotation":{"x":-0.02174953557550907,"y":0.9751151204109192,"z":-0.19046619534492494,"w":-0.11135590821504593},"size":10.61342716217041,"orthographic":false}