{"cameraMode":{"drawMode":0,"name":"Shaded","section":"Shading Mode"},"sceneLighting":false,"audioPlay":false,"sceneViewState":{"showFog":true,"showMaterialUpdate":false,"showSkybox":true,"showFlares":true,"showImageEffects":true,"showParticleSystems":true},"in2DMode":false,"pivot":{"x":-3.791937828063965,"y":-8.746332168579102,"z":0.7200089693069458},"rotation":{"x":-0.13018833100795747,"y":0.8697829842567444,"z":-0.332765132188797,"w":-0.34028807282447817},"size":18.167217254638673,"orthographic":false}