{"cameraMode":{"drawMode":0,"name":"Shaded","section":"Shading Mode"},"sceneLighting":true,"audioPlay":false,"sceneViewState":{"showFog":true,"showMaterialUpdate":false,"showSkybox":true,"showFlares":true,"showImageEffects":true,"showParticleSystems":true},"in2DMode":false,"pivot":{"x":6.33024787902832,"y":-1.1376838684082032,"z":-3.771552085876465},"rotation":{"x":-0.14128749072551728,"y":-0.847122311592102,"z":0.2782841622829437,"w":-0.43009254336357119},"size":15.68026065826416,"orthographic":false}