{"cameraMode":{"drawMode":0,"name":"Shaded","section":"Shading Mode"},"sceneLighting":false,"audioPlay":false,"sceneViewState":{"showFog":true,"showMaterialUpdate":false,"showSkybox":true,"showFlares":true,"showImageEffects":true,"showParticleSystems":true},"in2DMode":false,"pivot":{"x":-0.519974946975708,"y":-0.16287313401699067,"z":-0.29056262969970705},"rotation":{"x":0.035586755722761157,"y":-0.9118140339851379,"z":0.4009738862514496,"w":0.08092434704303742},"size":1.9011633396148682,"orthographic":false}