{"cameraMode":{"drawMode":0,"name":"Shaded","section":"Shading Mode"},"sceneLighting":false,"audioPlay":false,"sceneViewState":{"showFog":true,"showMaterialUpdate":false,"showSkybox":true,"showFlares":true,"showImageEffects":true,"showParticleSystems":true},"in2DMode":false,"pivot":{"x":-31.516544342041017,"y":-3.608135938644409,"z":-8.112066268920899},"rotation":{"x":-0.07804551720619202,"y":-0.8827045559883118,"z":0.4355762004852295,"w":-0.15816131234169007},"size":6.6017255783081059,"orthographic":false}