{"cameraMode":{"drawMode":0,"name":"Shaded","section":"Shading Mode"},"sceneLighting":true,"audioPlay":false,"sceneViewState":{"showFog":true,"showMaterialUpdate":false,"showSkybox":true,"showFlares":true,"showImageEffects":true,"showParticleSystems":true},"in2DMode":false,"pivot":{"x":0.15428650379180909,"y":-6.092948913574219,"z":-1.3409252166748047},"rotation":{"x":-0.0008236840949393809,"y":-0.9389199614524841,"z":0.34412723779678347,"w":-0.0022470755502581598},"size":43.154685974121097,"orthographic":false}