{"cameraMode":{"drawMode":0,"name":"Shaded","section":"Shading Mode"},"sceneLighting":true,"audioPlay":false,"sceneViewState":{"showFog":true,"showMaterialUpdate":false,"showSkybox":true,"showFlares":true,"showImageEffects":true,"showParticleSystems":true},"in2DMode":false,"pivot":{"x":1.1538193225860596,"y":-2.5801289081573488,"z":-1.0573997497558594},"rotation":{"x":-0.002981677418574691,"y":-0.9015925526618958,"z":0.4325313866138458,"w":-0.006215022876858711},"size":42.2717399597168,"orthographic":false}