{"cameraMode":{"drawMode":0,"name":"Shaded","section":"Shading Mode"},"sceneLighting":true,"audioPlay":false,"sceneViewState":{"showFog":true,"showMaterialUpdate":false,"showSkybox":true,"showFlares":true,"showImageEffects":true,"showParticleSystems":true},"in2DMode":false,"pivot":{"x":347.20941162109377,"y":266.5072021484375,"z":751.0293579101563},"rotation":{"x":-0.018308624625205995,"y":0.0020967472810298206,"z":-0.0000384281411243137,"w":-0.9998301863670349},"size":1144.2960205078125,"orthographic":false}