{"cameraMode":{"drawMode":0,"name":"Shaded","section":"Shading Mode"},"sceneLighting":false,"audioPlay":false,"sceneViewState":{"showFog":true,"showMaterialUpdate":false,"showSkybox":true,"showFlares":true,"showImageEffects":true,"showParticleSystems":true},"in2DMode":false,"pivot":{"x":0.16177749633789063,"y":-15.249378204345704,"z":-7.937758445739746},"rotation":{"x":0.002199601149186492,"y":0.8889106512069702,"z":-0.4580554664134979,"w":0.004267840646207333},"size":31.62983512878418,"orthographic":false}