{"cameraMode":{"drawMode":0,"name":"Shaded","section":"Shading Mode"},"sceneLighting":true,"audioPlay":false,"sceneViewState":{"showFog":true,"showMaterialUpdate":false,"showSkybox":true,"showFlares":true,"showImageEffects":true,"showParticleSystems":true},"in2DMode":false,"pivot":{"x":5.234783172607422,"y":14.621938705444336,"z":14.602728843688965},"rotation":{"x":0.010819296352565289,"y":0.9868007898330689,"z":-0.14340391755104066,"w":0.07444790750741959},"size":15.677852630615235,"orthographic":false}