{"cameraMode":{"drawMode":0,"name":"Shaded","section":"Shading Mode"},"sceneLighting":true,"audioPlay":false,"sceneViewState":{"showFog":true,"showMaterialUpdate":false,"showSkybox":true,"showFlares":true,"showImageEffects":true,"showParticleSystems":true},"in2DMode":false,"pivot":{"x":-3.062892198562622,"y":2.275615930557251,"z":3.0407791137695314},"rotation":{"x":0.017365016043186189,"y":0.9657171964645386,"z":-0.25019222497940066,"w":0.06702776998281479},"size":6.857177257537842,"orthographic":true}