{"cameraMode":{"drawMode":0,"name":"Shaded","section":"Shading Mode"},"sceneLighting":false,"audioPlay":false,"sceneViewState":{"showFog":true,"showMaterialUpdate":false,"showSkybox":true,"showFlares":true,"showImageEffects":true,"showParticleSystems":true},"in2DMode":false,"pivot":{"x":434.17822265625,"y":49.41473388671875,"z":-214.2611083984375},"rotation":{"x":-0.12403447926044464,"y":-0.6759715676307678,"z":0.11694665998220444,"w":-0.7169389724731445},"size":1858.7069091796875,"orthographic":false}