{"cameraMode":{"drawMode":0,"name":"Shaded","section":"Shading Mode"},"sceneLighting":false,"audioPlay":false,"sceneViewState":{"showFog":true,"showMaterialUpdate":false,"showSkybox":true,"showFlares":true,"showImageEffects":true,"showParticleSystems":true},"in2DMode":false,"pivot":{"x":592.812744140625,"y":882.5896606445313,"z":-189.05274963378907},"rotation":{"x":0.051038697361946109,"y":0.2550899386405945,"z":-0.01348485890775919,"w":0.9654752016067505},"size":387.8995666503906,"orthographic":false}