{"cameraMode":{"drawMode":0,"name":"Shaded","section":"Shading Mode"},"sceneLighting":false,"audioPlay":false,"sceneViewState":{"showFog":true,"showMaterialUpdate":false,"showSkybox":true,"showFlares":true,"showImageEffects":true,"showParticleSystems":true},"in2DMode":false,"pivot":{"x":0.18290764093399049,"y":-5.1123809814453129,"z":-0.13114240765571595},"rotation":{"x":-0.002931677270680666,"y":0.7159445285797119,"z":-0.6981445550918579,"w":-0.003006374230608344},"size":3.7074882984161379,"orthographic":false}