{"cameraMode":{"drawMode":0,"name":"Shaded","section":"Shading Mode"},"sceneLighting":true,"audioPlay":false,"sceneViewState":{"showFog":true,"showMaterialUpdate":false,"showSkybox":true,"showFlares":true,"showImageEffects":true,"showParticleSystems":true},"in2DMode":false,"pivot":{"x":843.3621826171875,"y":208.25621032714845,"z":87.00001525878906},"rotation":{"x":0.2834930419921875,"y":0.14741641283035279,"z":-0.04415174573659897,"w":0.946546733379364},"size":1802.428466796875,"orthographic":true}