{"cameraMode":{"drawMode":0,"name":"Shaded","section":"Shading Mode"},"sceneLighting":false,"audioPlay":false,"sceneViewState":{"showFog":true,"showMaterialUpdate":false,"showSkybox":true,"showFlares":true,"showImageEffects":true,"showParticleSystems":true},"in2DMode":false,"pivot":{"x":46.360137939453128,"y":-166.14794921875,"z":379.60186767578127},"rotation":{"x":-0.16158920526504517,"y":0.010366225615143776,"z":-0.001697709783911705,"w":-0.9868022799491882},"size":1480.2530517578125,"orthographic":false}