{"cameraMode":{"drawMode":0,"name":"Shaded","section":"Shading Mode"},"sceneLighting":false,"audioPlay":false,"sceneViewState":{"showFog":true,"showMaterialUpdate":false,"showSkybox":true,"showFlares":true,"showImageEffects":true,"showParticleSystems":true},"in2DMode":false,"pivot":{"x":940.7747802734375,"y":534.4440307617188,"z":18.82849884033203},"rotation":{"x":0.08120661228895188,"y":0.02123706415295601,"z":-0.0017305407673120499,"w":0.9964695572853088},"size":2178.841796875,"orthographic":false}