{"cameraMode":{"drawMode":0,"name":"Shaded","section":"Shading Mode"},"sceneLighting":false,"audioPlay":false,"sceneViewState":{"showFog":true,"showMaterialUpdate":false,"showSkybox":true,"showFlares":true,"showImageEffects":true,"showParticleSystems":true},"in2DMode":false,"pivot":{"x":63.801692962646487,"y":482.9151916503906,"z":0.5382752418518066},"rotation":{"x":0.019165201112627984,"y":0.04557406157255173,"z":0.0008743864018470049,"w":-0.9987767934799194},"size":163.78440856933595,"orthographic":false}