{"cameraMode":{"drawMode":0,"name":"Shaded","section":"Shading Mode"},"sceneLighting":true,"audioPlay":false,"sceneViewState":{"showFog":true,"showMaterialUpdate":false,"showSkybox":true,"showFlares":true,"showImageEffects":true,"showParticleSystems":true},"in2DMode":false,"pivot":{"x":11.615583419799805,"y":0.21700647473335267,"z":0.35840314626693728},"rotation":{"x":0.1951623260974884,"y":0.671513557434082,"z":-0.19019179046154023,"w":0.6890634298324585},"size":5.115827560424805,"orthographic":false}