{"cameraMode":{"drawMode":0,"name":"Shaded","section":"Shading Mode"},"sceneLighting":false,"audioPlay":false,"sceneViewState":{"showFog":true,"showMaterialUpdate":false,"showSkybox":true,"showFlares":true,"showImageEffects":true,"showParticleSystems":true},"in2DMode":false,"pivot":{"x":1.3944990634918213,"y":-6.204808235168457,"z":-1.9955878257751465},"rotation":{"x":-0.0764857828617096,"y":0.9224046468734741,"z":-0.2902030944824219,"w":-0.24310867488384248},"size":43.907230377197269,"orthographic":false}