{"cameraMode":{"drawMode":0,"name":"Shaded","section":"Shading Mode"},"sceneLighting":false,"audioPlay":false,"sceneViewState":{"showFog":true,"showMaterialUpdate":false,"showSkybox":true,"showFlares":true,"showImageEffects":true,"showParticleSystems":true},"in2DMode":false,"pivot":{"x":243.00624084472657,"y":-342.91839599609377,"z":883.4046630859375},"rotation":{"x":0.27751120924949648,"y":-0.16015848517417909,"z":0.0469774529337883,"w":0.946113109588623},"size":2198.485595703125,"orthographic":false}