{"cameraMode":{"drawMode":0,"name":"Shaded","section":"Shading Mode"},"sceneLighting":true,"audioPlay":false,"sceneViewState":{"showFog":true,"showMaterialUpdate":false,"showSkybox":true,"showFlares":true,"showImageEffects":true,"showParticleSystems":true},"in2DMode":false,"pivot":{"x":2.8474860191345217,"y":-0.18689081072807313,"z":-4.3421196937561039},"rotation":{"x":-0.00806429609656334,"y":0.9910908341407776,"z":-0.11228128522634506,"w":-0.07118234783411026},"size":35.475868225097659,"orthographic":false}