{"cameraMode":{"drawMode":0,"name":"Shaded","section":"Shading Mode"},"sceneLighting":true,"audioPlay":false,"sceneViewState":{"showFog":true,"showMaterialUpdate":false,"showSkybox":true,"showFlares":true,"showImageEffects":true,"showParticleSystems":true},"in2DMode":false,"pivot":{"x":974.83740234375,"y":357.267578125,"z":5.374999523162842},"rotation":{"x":0.007499729748815298,"y":0.005999977700412273,"z":-0.00004502402953221463,"w":0.9999538660049439},"size":1111.1885986328125,"orthographic":true}