{"cameraMode":{"drawMode":0,"name":"Shaded","section":"Shading Mode"},"sceneLighting":false,"audioPlay":false,"sceneViewState":{"showFog":true,"showMaterialUpdate":false,"showSkybox":true,"showFlares":true,"showImageEffects":true,"showParticleSystems":true},"in2DMode":false,"pivot":{"x":-0.01900947093963623,"y":-6.000514507293701,"z":-0.9942578673362732},"rotation":{"x":-0.11830632388591767,"y":0.8701050877571106,"z":-0.25379684567451479,"w":-0.4055958688259125},"size":4.348816394805908,"orthographic":false}