{"cameraMode":{"drawMode":0,"name":"Shaded","section":"Shading Mode"},"sceneLighting":false,"audioPlay":false,"sceneViewState":{"showFog":true,"showMaterialUpdate":false,"showSkybox":true,"showFlares":true,"showImageEffects":true,"showParticleSystems":true},"in2DMode":false,"pivot":{"x":375.15814208984377,"y":-255.4011688232422,"z":756.7303466796875},"rotation":{"x":-0.13758261501789094,"y":-0.06383533775806427,"z":0.008885549381375313,"w":-0.9883912205696106},"size":1730.1033935546875,"orthographic":false}