{"cameraMode":{"drawMode":0,"name":"Shaded","section":"Shading Mode"},"sceneLighting":true,"audioPlay":false,"sceneViewState":{"showFog":true,"showMaterialUpdate":false,"showSkybox":true,"showFlares":true,"showImageEffects":true,"showParticleSystems":true},"in2DMode":false,"pivot":{"x":-0.2272280901670456,"y":-5.086112022399902,"z":-0.269758015871048},"rotation":{"x":0.0058721150271594528,"y":0.8392468094825745,"z":-0.5436434149742127,"w":0.009064991027116776},"size":22.29030990600586,"orthographic":false}