{"cameraMode":{"drawMode":0,"name":"Shaded","section":"Shading Mode"},"sceneLighting":false,"audioPlay":false,"sceneViewState":{"showFog":true,"showMaterialUpdate":false,"showSkybox":true,"showFlares":true,"showImageEffects":true,"showParticleSystems":true},"in2DMode":false,"pivot":{"x":-9.280957221984864,"y":-1.3226490020751954,"z":-4.003413200378418},"rotation":{"x":0.2914515435695648,"y":-0.3013276755809784,"z":0.09729330241680145,"w":0.9026581645011902},"size":13.903878211975098,"orthographic":false}