{"cameraMode":{"drawMode":0,"name":"Shaded","section":"Shading Mode"},"sceneLighting":false,"audioPlay":false,"sceneViewState":{"showFog":true,"showMaterialUpdate":false,"showSkybox":true,"showFlares":true,"showImageEffects":true,"showParticleSystems":true},"in2DMode":false,"pivot":{"x":-5.348745346069336,"y":-1.2771018743515015,"z":-3.0670979022979738},"rotation":{"x":0.27475693821907046,"y":-0.1851648986339569,"z":0.054009485989809039,"w":0.9419689774513245},"size":16.689485549926759,"orthographic":false}